url,category
https://3dexport.com/davissofia408,domains
https://3dlancer.net,domains
https://4dskin.in,domains
https://4souq.com,domains
https://66ez.us,domains
https://Branchbrookpharmacy.com,domains
https://Businessgreek.com,domains
https://Redandwhitemags.com,domains
https://Theexpotab.com,domains
https://a2000greetings.com,domains
https://aarsworldwide.eu/exhibition-stand-builder-company-essen,domains
https://aavotx.com,domains
https://about.me,domains
https://aboutme.style,domains
https://account.themler.io,domains
https://acevisiontreks.com,domains
https://activepages.com.au,domains
https://activepropertycare.com,domains
https://adly.pk,domains
https://aeodc.com,domains
https://aeplayas.es/author/davissofia,domains
https://agfsecurity.ph,domains
https://aha.bg,domains
https://aigcc.com,domains
https://airlinesofficesdetails.fria.ifokus.se/discussion/1612598/turkish-airlines-abuja-office-18888390502,domains
https://ajokeplease.com,domains
https://ajustes.colegiofernandesvidal.com.br/wp-cron.php,domains
https://akniga.org,domains
https://alexiahorsfall.com,domains
https://alhabibi.ae,domains
https://allauthor.com/profile/amarawilson,domains
https://allinoneprintsltd.com,domains
https://alpesamedia.com,domains
https://altrusiaglobal.com,domains
https://amazemediacollege.com,domains
https://amsterdamsmartcity.com/members/38091,domains
https://anantlogistic.com,domains
https://angelladydety.getbb.ru/viewtopic.php?f=39&t=51948,domains
https://animead.com,domains
https://anrobee.com,domains
https://api.whbapi.com,domains
https://apnewz.net,domains
https://app.waterrangers.ca/users/96551/about#about-anchor,domains
https://app2.jogl.io,domains
https://appsumo.com/profile/100348281662187021869,domains
https://apptractor.ru/info/articles/20-krutyh-saytov-s-iskusstvennym-intellektom.html,domains
https://aquaexcel.eu/author/davissofia,domains
https://arlingtonwire.com,domains
https://arstechnica.com,domains
https://art2screenprint.com,domains
https://artefuse.com,domains
https://article.classifiedsfactor.com,domains
https://articlement.com/author/dcvrfixco-31186,domains
https://articleside.com,domains
https://artivyx.xyz,domains
https://artvee.com/members/airoffice_counter,domains
https://ashudigital.com,domains
https://asnsolutionsllc.com,domains
https://athamevents.com,domains
https://atiekaagrawwal.com,domains
https://atw.hu,domains
https://australianewsnetwork.com/aegean-airlines-lgw-terminal-1-888-839-0502,domains
https://auth.voxmedia.com/signup?community_id=247&return_to=https://www.sbnation.com/users/ella20033,domains
https://auxidigital.com,domains
https://avacapitaltrade.com,domains
https://ayatmodelschool.com,domains
https://b31.org.uk,domains
https://baccaratwinpro.com,domains
https://backend.apfa.io,domains
https://bazariyo.shop,domains
https://bbb.reviewsandcomplaints.org,domains
https://bbcgaming.com,domains
https://bbcposting.com,domains
https://bbgtv.org,domains
https://bbsradio.com/users/davissofia,domains
https://bbuspost.com,domains
https://bdmag24.com,domains
https://bestofexports.com/restaurant-furniture-suppliers,domains
https://betterbyleroy.com,domains
https://bhikkhuni.org,domains
https://bidem.org,domains
https://bimapbb.com,domains
https://bio.fm,domains
https://biolinky.co/sofiasmith-4556,domains
https://biomolecula.ru,domains
https://bioneerslive.org,domains
https://bionetworkconsulting.com,domains
https://bip.nyc,domains
https://bipatl.com/turkish-airlines-bru-terminal-1-888-839-0502,domains
https://bipbaltimore.com/volaris-airlines-bjx-terminal-1-888-839-0502,domains
https://bipbipamerica.com/emirate-airlines-edinburgh-office18888390502,domains
https://bipcolumbus.com,domains
https://bipdallas.com,domains
https://bipindianalopis.com/profile/davissofia,domains
https://bippennsylvania.com,domains
https://bipphoenix.com,domains
https://bitly.com,domains
https://bitrebels.com,domains
https://bitrexcapital.com,domains
https://bizadda360.com/company/shiv-techolabs/i79u4wkrb6,domains
https://blackplanet.com/prilient245,domains
https://blackroomstudio.com.ph,domains
https://blatini.com/profile/chetnaaxe02,domains
https://blessingszing.online,domains
https://blockchainappmaker.com/blockchain-development-company-in-australia,domains
https://blocksurvey.io,domains
https://blog.eldorado.ru,domains
https://blog.mycareindia.co.in,domains
https://blog.prepmajor.com,domains
https://blog.spacehey.com/entry?id=1092079,domains
https://blogenginee.com,domains
https://blogfreely.net,domains
https://blogg.ng.se/michael-gill/2014/08/det-ar-sadana-har-saker-som-gor-att-jag-inte-tanker-bli-van-med-en-feminist#comment-17529,domains
https://blogpulseguru.com,domains
https://blogs.findermaster.com,domains
https://blogs.nottingham.ac.uk/cffp/author/mszkg,domains
https://blogsgod.com,domains
https://blogsubmissionsite.com,domains
https://blookets.co,domains
https://blueprintue.com/profile/lesicopp,domains
https://boersen.oeh-salzburg.at/author/ambrosed081,domains
https://bookmeter.com/users/1473990,domains
https://booksstorage.com,domains
https://bookwyrm.social/user/KelsonReads,domains
https://bootstrapbay.com,domains
https://bsgrccontracting.ae,domains
https://bslisting.com,domains
https://buckeyescoop.com/community/members/aidevelopment45.28684/about,domains
https://building.lv,domains
https://buildr.com,domains
https://busilists.digitalmix.blog,domains
https://businessegy.com,domains
https://businesslistingplus.com,domains
https://businessoutstanders.com,domains
https://businessrents.com,domains
https://businesstycoonz.com,domains
https://buurtambassade.nl,domains
https://buyhoodies.store,domains
https://buysmartprice.com,domains
https://buzzdeck.xyz,domains
https://c8ke.com/williamsroy,domains
https://canlist.ca,domains
https://cbmweb.info,domains
https://ce.dentalwriter.com,domains
https://celebreports.com/home-improvement/hvac-installation-in-montreal-ensuring-comfort-in-every-season,domains
https://certifiedmobilenotaryservice.com,domains
https://cforum.aqleader.com.my,domains
https://cheapflightsdeals.net,domains
https://chessmood.com,domains
https://chuggler.com,domains
https://cirkle.blogdu.de,domains
https://citizensgeneral.com,domains
https://classifiedsconnect.com,domains
https://classifiedseo.in,domains
https://cleaners24.uk,domains
https://cleaningwest.com,domains
https://cleverkrux.com,domains
https://click2listing.com,domains
https://click4r.com/posts/g/10803420/buy-tyres-stoke-on-trent-from-dcvr-fix,domains
https://climaxconnection.com,domains
https://clockit.io,domains
https://cluboverseas.in,domains
https://cobid.org,domains
https://codeberg.org,domains
https://codefor.fr,domains
https://coderevel.com,domains
https://codersbaytech.darlic.com/leading-the-way-in-game-and-mobile-app-development-in-delhi-india,domains
https://coderwall.com/Ameliya%20Davis,domains
https://codexal.co,domains
https://coinfolk.net/user/sofiajohnson,domains
https://collab.sundance.org,domains
https://collectionofblogs.com,domains
https://columbusnewstimes.com/qatar-airways-bangkok-office-18888390502,domains
https://comandosupremo.com,domains
https://comicvine.gamespot.com,domains
https://community.decentrixweb.com,domains
https://community.fotor.com/p/1bcbb327a565443f84b3d4c0af34fab7,domains
https://community.hi-hyperlite.com,domains
https://community.jamf.com/t5/user/viewprofilepage/user-id/177567,domains
https://community.macmillan.org.uk,domains
https://community.troikatronix.com,domains
https://community.uipath.com,domains
https://comunitat.canodrom.barcelona,domains
https://conifer.rhizome.org,domains
https://contarketing.com,domains
https://conversationaltechsummit.com,domains
https://conversationaltechsummitasia.com,domains
https://coolmomsrule.com/author/sofiajones,domains
https://coolors.co,domains
https://corevestors.com,domains
https://cosplaystreet.com,domains
https://councils.forbes.com/profile/Saman-Effendi-Managing-Director-HRSG-Consulting-Founder-Trew-Insights-HRSG/5f48c692-f118-41bb-83ed-8f8eebef7527,domains
https://cricozo.in,domains
https://crossover99.com,domains
https://cvlogin.com,domains
https://cyberdevservices.com,domains
https://dailyadpost.com,domains
https://dailyblogsupdate.com,domains
https://dailygrindunwind.com,domains
https://dandyinthebronx.com,domains
https://dapacheckerpro.com,domains
https://dapp.orvium.io/profile/hostbooks-limited,domains
https://dawlish.com/user/details/25205,domains
https://daybyme.com/canaimmiga,domains
https://de.slideshare.net/pubrica,domains
https://dedi3047213.eu.tuservidoronline.com,domains
https://deesaan.com,domains
https://defolio.com,domains
https://delekys.com,domains
https://despiecescoches.com,domains
https://developernation.net,domains
https://developers.avayacloud.com,domains
https://developers.optt.health,domains
https://dexter.onl,domains
https://dextomatic.com,domains
https://dglonet.com/welcome,domains
https://dialog.eslov.se/profiles/junemartin/activity,domains
https://dictanote.co/n/1176271,domains
https://digilidi.cz,domains
https://digitalenginelands.com,domains
https://digitalmarketingdeal.com,domains
https://dinglirus.ru,domains
https://directory9.net,domains
https://directoryhub.ph,domains
https://disastersites.com/5414?c=405&tab=541,domains
https://disboard.co.uk,domains
https://divotiusa.com,domains
https://docs.agilite.io,domains
https://docs.btfs.io,domains
https://docs.ohyay.co,domains
https://dodgeforum.com,domains
https://doggiecafeonline.com,domains
https://drtjahn.com,domains
https://dubaibusinessandtaxadvisors.ae,domains
https://duchyofholste.orzweb.net,domains
https://dynasquare.ng,domains
https://dzone.com/users/5229714/richard309.html,domains
https://earningtips.co,domains
https://easivisa.com,domains
https://easlist.golocaly.online,domains
https://easybib.co.uk,domains
https://easylocalpages.com.au,domains
https://easyreadernews.com,domains
https://eautocar.co.uk,domains
https://echoequip.ae,domains
https://edpillsforever.com/product/cenforce-soft,domains
https://edu.matsq.com,domains
https://edublogs.org,domains
https://edumapsites.com,domains
https://edutous.com/expert-android-app-development-company-turn-your-ideas-into-applications,domains
https://efullforms.com,domains
https://ekeghe.com,domains
https://el-lior.com,domains
https://electroswingthing.com/profile/register,domains
https://emag.directindustry.com,domains
https://emaslight.com,domains
https://empoweredcommunity.com.au,domains
https://empregospernambuco.com.br/login,domains
https://emta.co.in,domains
https://en.cs-lab.eu,domains
https://engage.eiturbanmobility.eu/profiles/monicasharma0015/followers,domains
https://enhanceyourwebsites.com,domains
https://ensemblepourleclimat.est-ensemble.fr,domains
https://enterthebible.org/author/davissofia,domains
https://esconsultancy.co.uk,domains
https://espritgames.com/ro/forum/topic/elevate-your-business-with-luxon-systems-premier-mobile-app-development-company,domains
https://essbcn2030.decidim.barcelona,domains
https://evamirandanutricion.es,domains
https://evolvevcap.com,domains
https://exeedcollege.com,domains
https://expatguidekorea.com,domains
https://expatkidskorea.com/profile/fieldpromaxfsms,domains
https://experiment.com,domains
https://exploratory.io/author/TjG9gVo3hc,domains
https://exposednews.co.uk,domains
https://expresscargo.com.ph,domains
https://expreszo.nl/members/julie,domains
https://ezoic.uservoice.com,domains
https://ezunearticles.com,domains
https://fairygodboss.com/users/profile/Q5alSJ8Kn7/Sofia-Davis,domains
https://fakenumis.com/community,domains
https://familyhomeblog.com/author/essendonplumbing,domains
https://fanart.lionking.org/Artists/sara565smth,domains
https://fantasygameprovider.com,domains
https://faptflorida.org,domains
https://fashonation.com,domains
https://fastleansmart.com,domains
https://fearnoevilministries.org,domains
https://fgbcm.com,domains
https://fieldexit.com,domains
https://files.fm,domains
https://filings.ae,domains
https://findaspring.org,domains
https://findery.com,domains
https://findmyjobs.lk,domains
https://findtopbusinesses.com,domains
https://finehomecontracting.com,domains
https://fitnesstipsexpert.com,domains
https://flatratesoftware.com,domains
https://flightd.pro,domains
https://fliphtml5.com,domains
https://flognaw.com,domains
https://folksy.com,domains
https://fontsarena.com,domains
https://forexonlinebrokerr.com,domains
https://form.typeform.com/to/TDKt7bZM,domains
https://fortunetelleroracle.com,domains
https://forum.alofthobbies.com/index.php?members/william_smith.5967/about,domains
https://forum.amzgame.com/thread/detail?id=217783&page=7,domains
https://forum.carcenteronline.com,domains
https://forum.carergateway.gov.au/s/profile/005Oa000006AViDIAW,domains
https://forum.citadel.one,domains
https://forum.clubford.ro,domains
https://forum.fedi.dk,domains
https://forum.fibra.click,domains
https://forum.geckos.ink,domains
https://forum.instaforex.com/index.php?showuser=52649,domains
https://forum.investoram.ru,domains
https://forum.military-paintball.cz,domains
https://forum.mssociety.org.uk,domains
https://forum.myeloma.org.uk,domains
https://forum.nikeagames.com/t/top-leading-mobile-app-development-company-in-dubai/7877,domains
https://forum.nutrimuscle.com,domains
https://forum.pokexgames.pl/member.php?action=profile&uid=45314,domains
https://forum.radicore.org,domains
https://forum.scr88.group,domains
https://forum.tutoweb.net,domains
https://forum.velovert.com,domains
https://forum.winehq.org,domains
https://forum.zwaremetalen.com,domains
https://forums.cmhwak.net,domains
https://forums.digitalspy.com,domains
https://forums.seomanualsubmission.com,domains
https://forums.spondylitis.org,domains
https://forums.srcds.com,domains
https://forums.stardock.com,domains
https://forums.usacarry.com,domains
https://forums.webpagetest.org,domains
https://forums.zenlabsfitness.com,domains
https://foxerbags.com,domains
https://freead1.net,domains
https://freedial.in,domains
https://freelance.ru/ella20033#about,domains
https://freemobile.toosurtoo.com,domains
https://freshvoicehub.com,domains
https://fri3nd.me/welcome,domains
https://funfooter.com,domains
https://futuretechradar.com,domains
https://g15tools.com,domains
https://gamepcx.com,domains
https://gameworldobserver.com,domains
https://gatormail.us,domains
https://gaubal.hatenablog.com,domains
https://geekruit.com/employer/pentalift,domains
https://gekleurder.nl,domains
https://geniwit.com,domains
https://get.nicejob.com,domains
https://giglancer.bizoforce.com/users/32488/nisarthshahu,domains
https://git.fuwafuwa.moe,domains
https://gitflic.ru,domains
https://github.com,domains
https://givestar.io/gs/united-airlines-kuwait-office-1-888-839-0502,domains
https://glarity.app,domains
https://globalhealthtrials.tghn.org,domains
https://gluesticksgumdrops.com,domains
https://godwhiz.com,domains
https://goldenbeampockets.com,domains
https://goldgradedevelopment.com,domains
https://golosknig.com,domains
https://gooble.my,domains
https://goseobuzz.com,domains
https://gpsgobindgarh.in,domains
https://graceplanet.org,domains
https://gratisafhalen.be/author/coloncement0,domains
https://gravesales.com/author/hostbooks,domains
https://groover.co/en/band/profile/0.ariaanamix,domains
https://guestpostinnovators.com,domains
https://guidetoiceland.is/traveler-profiles/ismith-ony/blog_preview_7bc0d561dec23304382163350acb560c,domains
https://gunslingergaming.com,domains
https://gurgaonpropertyinvestment.in,domains
https://guruhitech.com,domains
https://gwar.net/a/bohabs,domains
https://hackaday.io/janetbrown2325,domains
https://hackathon.io,domains
https://hackneypost.co.uk,domains
https://hallbook.com.br,domains
https://hamsternetwork.com,domains
https://hangoutshelp.net/user/clubguilty9,domains
https://haribook.com,domains
https://hashtag123.freeflarum.com,domains
https://headwayapp.co,domains
https://health.thevirallines.net/delta-airlines-denver-international-airport-1-888-839-0502-139923,domains
https://hellobiz.in,domains
https://hellosm.in,domains
https://hellovizag.in,domains
https://herotraveler.com,domains
https://hexa.onl,domains
https://hfonline.org/members/arina330,domains
https://hilas.org.uk,domains
https://hire.digitalscholar.in/candidate/luisabell633,domains
https://hispanicoutlookjobs.com,domains
https://hit-radio-levski.info,domains
https://hkparliament.org,domains
https://hlpu.info,domains
https://holisticdoggie.com,domains
https://homelife.com.ph,domains
https://homeshoppingqueen.blogspot.com/2010/03/some-old-school-jeff-hewson.html?sc=1714988859638#c2318792565356960249,domains
https://hometradingmarket.com,domains
https://hottopicspulse.com,domains
https://houstonstevenson.com,domains
https://hugecount.com,domains
https://hulaglobal.com,domains
https://hutchinsonkansasnewspaper.net,domains
https://ibusinessday.com/wp-login.php?action=register,domains
https://iconsjalingo.edu.ng,domains
https://iefconference.org,domains
https://igfalcon.com,domains
https://igpsclub.ru/social/read-blog/7921_innovative-embroidery-digitizing-services-for-modern-businesses.html,domains
https://ilm.iou.edu.gm/members/islawilson,domains
https://iluvium.online,domains
https://imageconverthq.com,domains
https://imashinsure.com,domains
https://imoangelsfc.com,domains
https://incrussia.ru/news/the-sims-25-let-bolee-poloviny-rossiyan-hotya-by-raz-igrali-v-kultovyj-simulyator,domains
https://independent.academia.edu/FlyTermial,domains
https://indian.center,domains
https://indian.shiksha,domains
https://indiangeek.in,domains
https://indibloghub.com,domains
https://infogram.com,domains
https://inglobalresolution.com,domains
https://inkbotdesign.com,domains
https://inkwebsolutions.com,domains
https://innovtechspace.com,domains
https://insect.christmas,domains
https://insidetechie.blog,domains
https://interiofy.net,domains
https://intua.net,domains
https://ipsofootball.com/members/elenawolf098,domains
https://ischoolconnect.com/discuss/user/sara-smith,domains
https://itscracked.com,domains
https://iwork.youthfiji.org,domains
https://jacksonvillenews24.com/profile/airlinesofficedesk24,domains
https://javascript.jobs,domains
https://jerryseducare.com,domains
https://jhzhang.cn,domains
https://jmsystemsperu.com/wp,domains
https://jnjjackets.com,domains
https://joblele.com,domains
https://jobs.barazalab.com/employer/appicoders,domains
https://jobs.defenceconnect.com.au,domains
https://jobs.onleitechnologies.com,domains
https://joripress.com,domains
https://joy.link,domains
https://joyme.io/@ariawilson,domains
https://jpbai.org,domains
https://justpaste.me,domains
https://kackarliviking.com,domains
https://kagaar.in,domains
https://kapooropticalco.com,domains
https://kashmirfair.com,domains
https://kengracing.com,domains
https://kenzerco.com,domains
https://ketcau.com/member/75691-hostbooks,domains
https://khozobd.com/shop/milan-lifestyle-store/196,domains
https://kicksaaslegal.com,domains
https://kingranks.com,domains
https://kishorverse.com,domains
https://kjbclegal.com,domains
https://kle500.com,domains
https://kmfngo.org,domains
https://kokkaarako.com,domains
https://kolba.com.ua,domains
https://kommunity.com/@davissofia,domains
https://konvoilkkm4.com,domains
https://krachelart.com/UserProfile/tabid/43/userId/1278535/Default.aspx,domains
https://kuula.co/post/h70mT,domains
https://l10n.gnome.org/users/FlyTermial,domains
https://lab.daintl.org/members/annedavis,domains
https://label.deals,domains
https://labs.openheritage.eu,domains
https://lasttrumpnews.com/best-field-service-automation-software-for-security-system-installers-2025-guide,domains
https://lavalite.org,domains
https://lawnlove.com,domains
https://lawrina.org/templates/lease-agreement,domains
https://leanebiome.com,domains
https://learn.mystudyseries.co.nz/members/primocys,domains
https://learningapps.org,domains
https://learnloftblog.com,domains
https://leidlmair.at,domains
https://lestow.com/preview/how-to-vape,domains
https://letmagzine.com,domains
https://letsfind.com.au,domains
https://letstalk.mindline.sg,domains
https://lghomecomfort.ca,domains
https://linkgeanie.com,domains
https://listium.com/@sofiaj1,domains
https://livetastytrades.com,domains
https://livingpristine.com,domains
https://livingswag.com,domains
https://localannounced.com,domains
https://locksmithstrainingcourse.co.uk,domains
https://lockurblock.com,domains
https://loewenmagazin.de,domains
https://login.com.pk/collections/smart-watch,domains
https://lokvani.com,domains
https://londoneicrcertificates.co.uk,domains
https://lonestarlemmy.mooo.com,domains
https://lpw.economic-literacy.eu,domains
https://lu.ma/user/fieldpromax,domains
https://lustrelight.co,domains
https://luvly.co,domains
https://lyso.vn,domains
https://lystic.localcitation.site,domains
https://maalaxmitourandtravels.in,domains
https://macomo.cl,domains
https://macuisineturque.fr/author/Dcvrfixco,domains
https://maestrosdeaudicionylenguaje.com/miembros/sofiajohnson7983/profile,domains
https://magic.ly/sofiasmith/Exploreallterminals.com-+1-888-839-0502,domains
https://mail.uniquethis.com,domains
https://maker.wiznet.io/ameliya20,domains
https://mamapoltava.listbb.ru/viewtopic.php?f=19&t=24962,domains
https://manifold.markets,domains
https://manylink.co,domains
https://maphub.net,domains
https://marineelec.com,domains
https://marketingsquare.co.uk,domains
https://marketintelo.com,domains
https://marketplace.trinidadweddings.com/author/miasmith00156,domains
https://martechseries.com,domains
https://materialparamaestros.com,domains
https://mathcracker.com,domains
https://mazdaclub.co.ua,domains
https://mazdaclub.kiev.ua,domains
https://medium.com/@ismithony216/turkish-airlines-lisbon-office-1-855-738-4166-1a3dbe87f62e,domains
https://memphisnewspress.com,domains
https://menagerie.media,domains
https://meritmarkets.com.ng,domains
https://meshindia.in,domains
https://messies.com,domains
https://metaldevastationradio.com,domains
https://metrohitechcollege.com,domains
https://metroschool.online,domains
https://meyerair.com,domains
https://mikropragmata.lifo.gr/meli/38637,domains
https://milestones.business,domains
https://mirae.jdtsolution.kr,domains
https://miro.com,domains
https://misspetitenaijablog.com/author/essendonplumbing,domains
https://mitwirken.stadt-zuerich.ch,domains
https://modelnet.club,domains
https://modernhomemakers.com/author/Dcvrfixco,domains
https://mokinglobal.com,domains
https://monishanovels.com,domains
https://moodle3.appi.pt/user/profile.php?id=150410,domains
https://mountainsdebtrelief.com/blog/how-long-does-debt-settlement-stay-on-your-credit-report,domains
https://mrdelivery.com.bo,domains
https://mrelectric.com,domains
https://msmeafricaonline.com/call-for-applications-smedan-sterling-bank-matching-fund-programme-for-micro-and-small-enterprises-get-btw-n500k-to-n2-5m/amp,domains
https://mtemachines.com,domains
https://muscularstrength.com,domains
https://musketeermadness.com,domains
https://my.djtechtools.com/users/1411190,domains
https://mybigplunge.com/author/arunyadav01,domains
https://mygentec.com,domains
https://mytravaly.com,domains
https://myworldnews24.com,domains
https://nablusclub.online,domains
https://naganogymkhana.com,domains
https://nationallabofindia.com,domains
https://naturalatlas.com/@evaroe20,domains
https://naviondental.com,domains
https://nbyula.com/profile/ezulix-1,domains
https://nervedjsmixtapes.com,domains
https://nestatoys.in,domains
https://net.mors.org/speaker/seocompanyhalifax,domains
https://netboard.me/index.html,domains
https://network.landr.com,domains
https://newmediadeltastategov.com.ng,domains
https://news.bangboxonline.com,domains
https://newsroom.clevelandclinic.org/2022/02/14/organ-transplants-reached-record-levels-at-cleveland-clinic-in-2021,domains
https://newstimeswire.com,domains
https://newsviralgo.com,domains
https://newyorkcoffeejobs.com/author/arina330,domains
https://nicenethical.com,domains
https://nilanktechnologies.com,domains
https://ninjafencestaining.com,domains
https://novagems.com,domains
https://npr.eurl.live,domains
https://nutrendpainting.com,domains
https://nvinio.com/pro/islawilson,domains
https://nycnewsly.com,domains
https://obeliskinfotech.com,domains
https://officialnoneofus.shop/tracksuits,domains
https://oidp.net/en,domains
https://omiyou.com/appingine,domains
https://onlinecivilforum.com/profile/davissofia,domains
https://onlinecommunity.stroke.org.uk,domains
https://onlinetechlearner.com,domains
https://opencollective.com,domains
https://openlibrary.org/people/sofia_johnson878,domains
https://openprocessing.org/sketch/1729742,domains
https://openweathermap.org,domains
https://orcs.ru,domains
https://ortodoxia.md/author/prilienttechnologies,domains
https://overlypost.com/flutter-app-development-company-in-uae-transforming-businesses,domains
https://oyhta.org,domains
https://paalk.com,domains
https://paatham.com,domains
https://paidforarticles.in,domains
https://palms.pcaarrd.dost.gov.ph,domains
https://palsyworld.com,domains
https://pamdms.kkk24.kr,domains
https://pangian.com/daffodil/user/aacefloors08@gmail.com,domains
https://paragraph.com,domains
https://participa.gencat.cat,domains
https://participation.bordeaux.fr,domains
https://participons.ville-valbonne.fr/users/sign_in,domains
https://patternilabs.com/?p=75705513,domains
https://pawikanconservationcenter.online,domains
https://pay.emailsendmaster.com,domains
https://paystubgeneratorfree.com,domains
https://pbase.com,domains
https://pc.poradna.net,domains
https://pdf24x7.com,domains
https://pedsovet.su/forum/188-355-1,domains
https://pennyelectric.com,domains
https://perfect2perfection.in,domains
https://petersproblems.wordpress.com,domains
https://phaiboon.go.th,domains
https://picktech.ru/catalog/artificial-intelligence-software,domains
https://pioneerayurvedic.ac.in,domains
https://pittsburghtribune.org,domains
https://pixelmontales.com,domains
https://planetadth.com,domains
https://plexuss.com,domains
https://pmheater.com,domains
https://poetryfarm.co.ke,domains
https://pointbproperties.com,domains
https://pokerstrategyguides.com,domains
https://polyamour.be,domains
https://portaly.cc/kendevt,domains
https://portfolio.onl,domains
https://postlistd.com,domains
https://postlister.com/tours-and-travels/travel-agency/spirit-airlines-iah-terminal_i13472,domains
https://postory.xyz,domains
https://ppplvm.my,domains
https://primemediadeals.com,domains
https://proconcretecalculator.com,domains
https://productiveteam.uk,domains
https://profere.uvci.edu.ci/forum/public/d/34911-copa-airlines-ber-terminal-1-888-839-0502,domains
https://profil.moviezone.cz/Ella20033,domains
https://profiles.responsesource.com,domains
https://proglib.io,domains
https://prolistinghub.com,domains
https://pronancetrade.com,domains
https://propertyadvisior.com,domains
https://propertycloud.in,domains
https://propertytribes.com,domains
https://propowerwash.com,domains
https://puppetspicture.com,domains
https://qnapandit.com,domains
https://qualityinformaticamanaus.com.br,domains
https://querykaro.com,domains
https://querykaro.in,domains
https://radiobath.com,domains
https://radrounds.com,domains
https://ranksmagzine.com,domains
https://rapbeatsforum.com,domains
https://rapchat.com,domains
https://rapidapi.com/user/janny01,domains
https://raptornails.com/hangout/members/mariarogers/profile,domains
https://ravingreferrals.com,domains
https://ravline.com,domains
https://rcfl.com.hk,domains
https://reach.link,domains
https://readliest.com,domains
https://realestatefundingsolutions.com,domains
https://realzip.com.au/author/essendonplumbing,domains
https://recursionnitd.in,domains
https://reddtube.org,domains
https://redhotclassifieds.com,domains
https://reevarare.com,domains
https://reimsdesjeux.fr,domains
https://reivewcrest.com,domains
https://remato.com/en-ca/blog/best-software-for-contractors,domains
https://reportportal.com,domains
https://repurtech.com,domains
https://researchid.co/sofiajohnson,domains
https://researchintelo.com,domains
https://reviewsconsumerreports.net,domains
https://rgbay.com,domains
https://roastbrief.com.mx,domains
https://robertsspaceindustries.com/citizens/jaydeepdeva,domains
https://robotica.co.il,domains
https://rocketranker.co.uk,domains
https://rockymountainhandymanllc.com,domains
https://roddy.com,domains
https://roseninsel.kz,domains
https://roundtablepm.com/register,domains
https://runnoticserver.com,domains
https://ryfma.com/u/sofia-davis,domains
https://samurai.org.pl,domains
https://sanantonionews360.com,domains
https://sandbox.zenodo.org/communities/actiza/records?q=&l=list&p=1&s=10&sort=newest,domains
https://sanjosenewswire.com,domains
https://saqisolutions.com,domains
https://saudipregnancyhospital.com,domains
https://scholarsark.com,domains
https://scholarsglobe.com,domains
https://seattledailynewsanalysis.com/profile/airwaysofficeshubs,domains
https://secure.smore.com/n/9g5ze-travelling,domains
https://seedly.sg/profile/sofia-davis,domains
https://sehacall.com,domains
https://seoandblogging.com/vega-moon-technologies-leading-mobile-apps-development-agency,domains
https://seoguruzz.com,domains
https://servihub.digitalmix.blog,domains
https://shopthevalley.com,domains
https://shreefurniture.co.in/?s=10734615,domains
https://sidorinlab.ru/blog/obzor-platnyix-i-besplatnyix-dostupov-k-nejrosetyam,domains
https://sigmaeducation.com.tr,domains
https://silkcityagro.com,domains
https://simplychiclife.com,domains
https://simsim.com.au/apple/iphone,domains
https://sketchfab.com,domains
https://slatestarcodex.com,domains
https://slideslive.com/marieroy7310?tab=about,domains
https://smallpdf.com,domains
https://smarthome.community,domains
https://smartsnacks.lk,domains
https://smarttechnologies.academy,domains
https://snippet.host,domains
https://social.cn1699.com,domains
https://social1776.com,domains
https://socialbookmarketer.com,domains
https://socialbusinesscreation.com,domains
https://socprofile.com/brandoncarter2805,domains
https://sofiahealth.com/shop/sofia-johnson/#loaded,domains
https://soft2share.com,domains
https://sonetsea.com,domains
https://songtr.ee/welcome.php,domains
https://southernpalletrack.com,domains
https://southminneapolisnews.com/best-field-service-automation-software-for-security-system-installers-2025-guide,domains
https://speromagazine.com,domains
https://stackshare.io,domains
https://statechanged.com,domains
https://statrys.com,domains
https://stepik.org/users/1015091126/profile,domains
https://stepupinterior.com,domains
https://sterneder.com,domains
https://strhub.com,domains
https://stroiwed.ru,domains
https://studumps.myshopify.com,domains
https://submissions.cloud,domains
https://submitartical.xyz,domains
https://submitarticlesblog.com,domains
https://sukunj.com,domains
https://sukunjbuildcon.com,domains
https://sunshinearticles.com,domains
https://superpumps.ru,domains
https://surgebook.com,domains
https://svenvaher.ee,domains
https://sweethomedecor.com,domains
https://tagger.su,domains
https://taikai.network/davissofia408,domains
https://talkdeath.com,domains
https://tashlieh.com,domains
https://tbbse.com/listing/hoff-and-mazor,domains
https://teachersxchange.com,domains
https://teamex.onl,domains
https://tech.postory.xyz,domains
https://techblogware.com,domains
https://techchrons.com,domains
https://techengage.com,domains
https://techinbusines.com,domains
https://techktimes.co.uk,domains
https://technotricks.com.in,domains
https://techuggy.com,domains
https://techywalls.com,domains
https://tedooo.com,domains
https://tegara.net,domains
https://teletype.in,domains
https://teqtop.xcelanceweb.com,domains
https://textup.fr,domains
https://thecampusapp.com,domains
https://thedailytribute.com,domains
https://theepicentre.com,domains
https://thefabcode.com,domains
https://thefasthire.org,domains
https://thehomesdepots.com,domains
https://theincestflix.com,domains
https://themediumblog.com/post/340561_expert-opinion-on-gabapentin-800mg-and-600mg-when-seeking-expert-opinions-on-the.html,domains
https://themixly.com,domains
https://theoaklandnews.com/psychiatrist-south-miami,domains
https://thepincodeindia.com,domains
https://therajtravels.in/luxury-chardham-yatra-packages-from-jaipur-by-raj-travels.php,domains
https://therealblackfriday.com,domains
https://theruntime.com,domains
https://theshorttermshop.com,domains
https://thestarbiznews.com,domains
https://thetulsatimes.com,domains
https://theunleashedbeauty.com,domains
https://thewindowsinsider.org,domains
https://theworldwideads.com/ad/united-airlines-alb-terminal-1-888-839-0502,domains
https://thisglobe.com,domains
https://thotscope.com/write-for-us,domains
https://timebusinessnews.com,domains
https://timesofrising.com,domains
https://timessquarereporter.com,domains
https://tivazo.com,domains
https://tlcdfw.iteach.world,domains
https://todayigosolar.com,domains
https://tomes.tchncs.de/user/sofiajohnson,domains
https://tooter.in/sofiadavis,domains
https://topbilliondirectory.com/the-leading-website-company-in-kent-elevate-your-online-presence,domains
https://topline.com/companies/enrico-eyewear,domains
https://topnewsblog.info,domains
https://tourmyodisha.com,domains
https://towhubroadside.com/?t=10734615,domains
https://trademint.in,domains
https://tranktechnologies.alboompro.com/post/173269-why-app-development-for-ios-is-important-for-your-business,domains
https://travelwithtrafin.com/2025/01/31/boosting-social-media-for-enhancing-business,domains
https://trends.postory.xyz,domains
https://trendwavedaily.com,domains
https://tvishap.com,domains
https://twsing.com,domains
https://ubonind.com,domains
https://uchatoo.com/welcome,domains
https://ukguestblog.com,domains
https://ummalife.com,domains
https://undecidedmf.com,domains
https://underconstructionpage.com,domains
https://upverter.com,domains
https://urbangust.com,domains
https://urbansmatter.com/author/seotorontoexperts,domains
https://usesignhouse.com,domains
https://usyay.com,domains
https://ux4sight.com/ux-audit-services,domains
https://valasys.com,domains
https://vastuvishwa.com,domains
https://ventoxmagazine.com,domains
https://ventsmagazine.co.uk,domains
https://verso.huwi.mx,domains
https://vibrantlivingblog.com,domains
https://viethiphop.vn,domains
https://villatheme.com/supports/users/ismithony,domains
https://virginianewspress.com/exploring-top-angi-competitors-a-comprehensive-guide-for-home-service-professionals,domains
https://virtuous.club,domains
https://visionworldimmigration.com,domains
https://visitraj.com,domains
https://vocal.media,domains
https://vymanga.online,domains
https://waappitalk.com/post/27173_gabapentin-600mg-for-elderly-healthcurepills-offers-gabapentin-600mg-a-effective.html,domains
https://waarnemingen.be,domains
https://wakelet.com,domains
https://walsallads.co.uk,domains
https://way2ad.com,domains
https://wayranks.com/author/dcvrfixco-32210,domains
https://weareindy.com/community/RushkarTechnology,domains
https://webguruz.in,domains
https://weboworld.com,domains
https://westlinkconstructioncleaning.com.au,domains
https://westlinkservices.com.au,domains
https://whatispicuki.info,domains
https://whernigeria.org,domains
https://whitezonemedia.com,domains
https://wiki.resilience-territoire.ademe.fr/wiki/Utilisateur:Alan_Wilson,domains
https://wikiauto.blog,domains
https://wiredcolony.com,domains
https://wishesh.com,domains
https://wmasg.com/pl/profile/kate63,domains
https://woodwell.co.kr,domains
https://workflowy.com/s/wenn-der-alltag-zu-l/COwfj1d4qclwvsaq#/94612de16179,domains
https://workguru.io,domains
https://worldhealthorganization.co/profile/Handyman-Dubai,domains
https://writingyard.co.uk,domains
https://writoka.com,domains
https://wthl.redzoneleagues.com,domains
https://www.123coimbatore.com/free-listing,domains
https://www.4shared.com,domains
https://www.99bookmarking.com,domains
https://www.99freelas.com.br/user/juliebennett,domains
https://www.a1bookmarks.com/preview-story,domains
https://www.a2zbookmarking.com,domains
https://www.a2zbookmarks.com,domains
https://www.abc-directory.com,domains
https://www.abcbookmarking.com,domains
https://www.acroxer.com,domains
https://www.activebookmarks.com,domains
https://www.actouch.com,domains
https://www.adairs.com.au,domains
https://www.admyurl.com,domains
https://www.adpost.com/ca,domains
https://www.adpost4u.com/services/computer/419782/air-new-zealand-los-angeles-office,domains
https://www.advertiseinhere.com,domains
https://www.aeologic.com/write-for-us,domains
https://www.agingcare.com,domains
https://www.ahit.com,domains
https://www.aiatlanta.org,domains
https://www.aireserv.ca,domains
https://www.ajaxfans.net,domains
https://www.ajs.org,domains
https://www.alazhan.com,domains
https://www.alistdirectory.com,domains
https://www.ambeaulaw.com,domains
https://www.ambeaulaw.com/news,domains
https://www.amino.dk/members/FlyTermial/default.aspx,domains
https://www.amlsing.com,domains
https://www.andrologyforum.com,domains
https://www.apexarticle.com/author/amelia05,domains
https://www.aphasiatrials.org,domains
https://www.appikr.com/blog/write-for-us,domains
https://www.aronwebsolutions.com,domains
https://www.arwen-undomiel.com,domains
https://www.astronomy.com,domains
https://www.auscanzoverseasedu.com,domains
https://www.aussievision.net,domains
https://www.austinprimetimes.com,domains
https://www.avalonaccounting.ca,domains
https://www.avukatoguzhankalkan.com,domains
https://www.babiesplusshop.com,domains
https://www.battlecam.com/profile/info/4416709,domains
https://www.bc-dc.org,domains
https://www.beautiful.ai/blog/social-media-strategy-101-how-to-scale-your-program-fast,domains
https://www.beiroutyeventsjo.com,domains
https://www.bf-france.com,domains
https://www.biosledbackpack.com,domains
https://www.bipbipamerica.com,domains
https://www.bipcharlotte.com,domains
https://www.bipfortworth.com,domains
https://www.biphoo.eu/top-10-remedies-for-managing-neuropathic-pain-naturally,domains
https://www.biphouston.com,domains
https://www.bipko.biz,domains
https://www.bipko.net,domains
https://www.biplasvegas.com,domains
https://www.bipmiamifl.com,domains
https://www.bipnyc.com,domains
https://www.bipprime.com,domains
https://www.bipsandiego.com,domains
https://www.bipsanfrancisco.com,domains
https://www.biteyourconsole.net/author/arina330,domains
https://www.blackhatprotools.info,domains
https://www.blogvarient.com,domains
https://www.bluewaterclimatecontrol.com,domains
https://www.bookmarkbay.com,domains
https://www.bookmarkbid.com,domains
https://www.bookmarkcart.com,domains
https://www.bookmarkcart.info,domains
https://www.bookmarkcircle.com,domains
https://www.bookmarkdeal.com,domains
https://www.bookmarkdiary.com,domains
https://www.bookmarkfeeds.com,domains
https://www.bookmarkfollow.com,domains
https://www.bookmarkinbox.com,domains
https://www.bookmarkinbox.info,domains
https://www.bookmarkinghost.com,domains
https://www.bookmarkinghost.info,domains
https://www.bookmarkmaps.com,domains
https://www.bookmarks2u.com/preview-article,domains
https://www.bookmarkset.com,domains
https://www.bookmarktheme.com,domains
https://www.bookmarktheme.info,domains
https://www.bookmarkwiki.com,domains
https://www.bookstime.com,domains
https://www.boredpanda.com,domains
https://www.boulderhandy.com,domains
https://www.brainvire.com,domains
https://www.brandigee.in,domains
https://www.bsocialbookmarking.info,domains
https://www.bullgap.com,domains
https://www.businesseasthants.org,domains
https://www.businessreverb.com,domains
https://www.businesssoftwarehelp.com,domains
https://www.c3houston.org,domains
https://www.cabanova.com/p/en,domains
https://www.cake.me,domains
https://www.cameraftp.com/cameraftp/publish/PublicProfile.aspx/UserID76852825,domains
https://www.careeredlounge.com/pg/profile/prilienttechnologies,domains
https://www.catchthatstory.com,domains
https://www.causes.com,domains
https://www.cheese.com,domains
https://www.chinauksorn.com,domains
https://www.chokeng.co.th,domains
https://www.churchstaffing.com/church/194096/air-france-toronto-pearson-international-airport,domains
https://www.classifiedsforfree.net,domains
https://www.clickindia.com,domains
https://www.cnet.com,domains
https://www.cnews.ru,domains
https://www.codingem.com,domains
https://www.commentreparer.com,domains
https://www.comrades-horde.ru,domains
https://www.constructionhq.world,domains
https://www.copdfoundation.org,domains
https://www.corc.co.uk,domains
https://www.coursera.org,domains
https://www.craigsdirectory.com,domains
https://www.creativelive.com/student/aria-wilson-74?via=accounts-freeform_2,domains
https://www.creatorshala.com/creator/profile/findgcms-notes,domains
https://www.cribapp.com,domains
https://www.criconet.com,domains
https://www.crowdlending.es/usuarios/arina330,domains
https://www.dangerousroads.org,domains
https://www.darkschemedirectory.com,domains
https://www.data.gouv.fr/fr/users/amara-wilson,domains
https://www.databridgemarketresearch.com,domains
https://www.databusinessonline.com,domains
https://www.dday.it,domains
https://www.decidim.barcelona,domains
https://www.dentolighting.com,domains
https://www.designnominees.com,domains
https://www.deviantart.com,domains
https://www.dgl.ru/reviews/best-ai-tools-2025-full-rating-17.html,domains
https://www.diamondfoodproduct.co.th,domains
https://www.digital-approch.ipt.pw,domains
https://www.digitalbanegaindia.com/website-design-company-in-vaishali,domains
https://www.digitalmark8.com,domains
https://www.digitalnect.com,domains
https://www.directory-web.com,domains
https://www.directoryfeeds.com,domains
https://www.directorynode.com,domains
https://www.directoryposts.com,domains
https://www.directorysection.com,domains
https://www.directorystock.com,domains
https://www.discrepancyai.com,domains
https://www.divephotoguide.com/user/bloggingqna,domains
https://www.diversitech-global.com,domains
https://www.dnnsoftware.com,domains
https://www.doctoriduniya.com,domains
https://www.dolthub.com,domains
https://www.donchillin.com/space-uid-451675.html,domains
https://www.dramitavmohanty.com,domains
https://www.drip.com,domains
https://www.drmarinarios.com,domains
https://www.droparticle.com,domains
https://www.dropbox.com,domains
https://www.elpasonewspost.com,domains
https://www.empregosaude.pt,domains
https://www.engineering.com/big-deal-ptc-pays-1-46-billion-for-servicemax,domains
https://www.englishwithdev.com/2025/08/autumn-fall-idioms-phrases.html,domains
https://www.ericpetersautos.com/author/davissofia,domains
https://www.estiacapecod.com,domains
https://www.etextpad.com,domains
https://www.ethiovisit.com,domains
https://www.eventbrite.com,domains
https://www.everestads.com,domains
https://www.everydayhealth.com/digestive-health/is-it-gas-pain-or-something-more-serious,domains
https://www.evtv.me/author/Dcvrfixco,domains
https://www.ewebmarks.com,domains
https://www.exclusivezap.com,domains
https://www.expertbookmarking.com,domains
https://www.eyesbreaker.com/profile/pentalift-equipment-corporation,domains
https://www.ezega.com/Communities/Forums/ShowThread/20725/Application-Features,domains
https://www.facilityaxs.net,domains
https://www.fark.com,domains
https://www.fastseba.net,domains
https://www.femminerd.it,domains
https://www.figma.com,domains
https://www.financealliance.io,domains
https://www.findatopdoc.com,domains
https://www.findattorneys.org/author/Dcvrfixco,domains
https://www.findit.com,domains
https://www.findtheneedle.co.uk/companies/kellton-tech,domains
https://www.fintact.io/ideabook/7033,domains
https://www.firstamericansecurity.co.uk,domains
https://www.firstsiteguide.net,domains
https://www.fisumasalud.com/que-es-stretching,domains
https://www.flyhighterminal.com,domains
https://www.flytermial.com,domains
https://www.footballguys.com,domains
https://www.forbes.ru,domains
https://www.foros24h.com,domains
https://www.fortunetelleroracle.com,domains
https://www.fortus.co.uk,domains
https://www.freebookmarkingsite.com,domains
https://www.freeclassifieds.ws,domains
https://www.fuelly.com,domains
https://www.funsocio.com/davissofia,domains
https://www.gamespot.com,domains
https://www.generativehut.com/post/using-processing-for-music-visualization?commentId=ec3e61b1-ad40-4fca-8cfa-db05c2503319,domains
https://www.geniusu.com/profiles/2642174,domains
https://www.getadultnow.com,domains
https://www.giantbomb.com,domains
https://www.giovanibianconeri.it,domains
https://www.globalbusinesslisting.org/actiza-pharmaceutical-pvt-ltd,domains
https://www.globalnetbit.com,domains
https://www.globhy.com,domains
https://www.gmiresearch.com,domains
https://www.gonder-immobilien.de,domains
https://www.google.com,domains
https://www.goscanpay.com,domains
https://www.govtresultportal.com,domains
https://www.gravitysplash.com,domains
https://www.growkudos.com,domains
https://www.guestgeniushub.in,domains
https://www.gweb.com,domains
https://www.handymanbouldercounty.com,domains
https://www.harmonymctech.com,domains
https://www.hatclub.com/collections/san-francisco-49ers?zCountry=GB,domains
https://www.hautbasgauchedroite.fr,domains
https://www.hawaiinailsandspa.ca,domains
https://www.hayoai.com,domains
https://www.hdhomeo.com,domains
https://www.headless-cross.ch,domains
https://www.healthline.com/health/fitness-exercise/daily-stretching-routine,domains
https://www.helpdial.in/listing/mobile-app-development-company-ahmedabad,domains
https://www.hiattthai.com,domains
https://www.hireaidevelopers.io,domains
https://www.holidify.com/profile/798028,domains
https://www.homeimprovementboulder.com,domains
https://www.hopp.bio/arina-jhonsan,domains
https://www.hostedredmine.com,domains
https://www.hotbookmarking.com/preview-story,domains
https://www.houstonnewsbuzz.com,domains
https://www.howcube.com,domains
https://www.hydroshare.org,domains
https://www.ibmmainframer.com,domains
https://www.iconfinder.com,domains
https://www.imcas.com/en/profile/502292/biostatement,domains
https://www.indiacom.com,domains
https://www.indiegogo.com,domains
https://www.informatique-bureautique.com,domains
https://www.infosoftware.biz,domains
https://www.innoget.com,domains
https://www.interiordesigningtrend.com,domains
https://www.invastor.com/account/register/?redirect=/blog/100340-Nok-Air-Bangkok-Office,domains
https://www.isa-sociology.org/en,domains
https://www.itprojectsworld.com,domains
https://www.ixbt.com,domains
https://www.iyteforum.com,domains
https://www.jazzyjefffreshprince.com,domains
https://www.jcitunisia.com,domains
https://www.jensports.com,domains
https://www.jobsclassified.in,domains
https://www.jobsrail.com,domains
https://www.katalogando.com,domains
https://www.kinebrugge.bbforum.be,domains
https://www.kingbizsuite.com/ottawa/home-services/clean-freaks,domains
https://www.kingsresearch.com,domains
https://www.klerk.ru,domains
https://www.knowprogram.com,domains
https://www.kudprathay.go.th,domains
https://www.kumu.io,domains
https://www.lalagunaparticipando.com,domains
https://www.landscapegeotextile.com,domains
https://www.lawnstarter.com,domains
https://www.learner.net,domains
https://www.lebigdata.fr,domains
https://www.lesicopp.com,domains
https://www.letsknowit.com,domains
https://www.lhon-participa.cat,domains
https://www.linktodo.com,domains
https://www.listmybusinesses.com,domains
https://www.livewebmarks.com,domains
https://www.local8now.com,domains
https://www.locksmithjournal.co.uk,domains
https://www.lottgioielli.com/en,domains
https://www.lybrate.com,domains
https://www.madhimugam.com,domains
https://www.mahacharoen.com,domains
https://www.maisindia.com,domains
https://www.makeamom.com,domains
https://www.makearticle.com,domains
https://www.makeupalley.com,domains
https://www.malagaldia.es/2025/04/16/pirandello-formacion-el-impulso-que-muchos-opositores-en-malaga-estaban-esperando,domains
https://www.malaysialistings.com/listings/united-airlines-san-jose-office-1-888-839-0502,domains
https://www.maldivesembassy.de,domains
https://www.manufacturing.net,domains
https://www.marcopaul.co.uk,domains
https://www.marketplace4homes.com,domains
https://www.mazdaclub.ua,domains
https://www.mbaassignmentexperts.com,domains
https://www.merlot.org/merlot/join.htm,domains
https://www.metaculus.com,domains
https://www.mightycause.com,domains
https://www.millbuzz.com,domains
https://www.milliescentedrocks.com/board/board_topic/2189097/6392093.htm,domains
https://www.miramichionline.com,domains
https://www.mirrorreview.com,domains
https://www.monacoavc.mc,domains
https://www.montessorijobsuk.co.uk/author/dcvrfixco,domains
https://www.moptu.com/sofiajones~657519,domains
https://www.moviezone.cz,domains
https://www.msghairlossclinic.com,domains
https://www.msmeafricaonline.com,domains
https://www.myadsclassified.com,domains
https://www.mycleaningbid.com,domains
https://www.myconcertarchive.com/en/user_home?id=118509,domains
https://www.myfishingreport.com,domains
https://www.myvipon.com,domains
https://www.nameslot.com,domains
https://www.nashvillenewspress.com,domains
https://www.nationalbusinesscapital.com,domains
https://www.naturesstonedirectmn.com,domains
https://www.navacool.com/forum/topic/53280/69vn-du-doan-bong-da,domains
https://www.nawatasanbook.com,domains
https://www.networkblognews.com,domains
https://www.networkisa.org,domains
https://www.newgenstravel.com,domains
https://www.newsciti.com,domains
https://www.newsocialbookmarkingsite.com/story/maxmont-progress-personified,domains
https://www.newswireengine.com,domains
https://www.nientepopcorn.it/members/ellabennett/profile,domains
https://www.nnssalumni.com,domains
https://www.nongkhaempolice.com/forum/topic/7975/realmicentralcom,domains
https://www.notion.com,domains
https://www.notta.ai,domains
https://www.nowarobota.pl,domains
https://www.ohari.eu,domains
https://www.olivenews.gr/el,domains
https://www.omahanewswire.com,domains
https://www.omprakash.org,domains
https://www.online-webcam.net,domains
https://www.onlinethreatalerts.com,domains
https://www.onlinewebmarks.com/preview-listing,domains
https://www.openfaves.com,domains
https://www.openpetition.de,domains
https://www.opinaproject.com,domains
https://www.oraerp.com,domains
https://www.orientering.no/next/p/68825/hjem,domains
https://www.orkanadventures.com,domains
https://www.ourboox.com,domains
https://www.oureducation.in,domains
https://www.outdooractive.com/en/member/robert-smith/263562186,domains
https://www.oxmaint.com,domains
https://www.pagebook.ws,domains
https://www.paidforarticles.in/how-air-serbia-is-your-travel-companion-exploring-the-benefits-of-the-air-serbia-moscow-office-814464,domains
https://www.papercall.io/speakers/55765/speaker_talks/185740-how-to-make-a-location-based-app,domains
https://www.passes.com/hostbooks,domains
https://www.passionforum.ru,domains
https://www.pdfslider.com,domains
https://www.pearltrees.com,domains
https://www.pennep.com,domains
https://www.peoplebookmarks.com,domains
https://www.petesqbsite.com,domains
https://www.photocontest.gr/users/ella-brown/photos,domains
https://www.phraechristian.com,domains
https://www.pin2ping.com,domains
https://www.pinkbabe.in,domains
https://www.place123.net/place/manifold-pipe-solution-inc.-mumbai-india,domains
https://www.planetrugby.com,domains
https://www.plantwiki.co.uk,domains
https://www.platinove-stranky.cz/forum/community-projects/313-the-rise-of-artificial-intelligence-in-application-development.html,domains
https://www.platon.sk,domains
https://www.podomatic.com,domains
https://www.popalocknola.com/residential-locksmith-new-orleans,domains
https://www.postingshub.com,domains
https://www.prbookmarks.com,domains
https://www.prepostseo.com,domains
https://www.primepmcorp.com,domains
https://www.printsstars.ru,domains
https://www.professionsleepclinic.com,domains
https://www.profitableratecpm.com/avj8pim0?key=90c88a321ae437c246efa9c55bb7a49a,domains
https://www.prokeep.com,domains
https://www.provenexpert.com/en-us/sofiadavis,domains
https://www.prshine.com,domains
https://www.prwires.com,domains
https://www.ptats.co.id,domains
https://www.publicbuysell.com,domains
https://www.pubpub.org,domains
https://www.punk.dmkproject.pl,domains
https://www.pwmania.com,domains
https://www.pzzyz.com,domains
https://www.quickpostads.com,domains
https://www.quicksellnbuy.com,domains
https://www.rankseoarticle.com,domains
https://www.rcuniverse.com/forum,domains
https://www.reccablog.com,domains
https://www.registrofiatbarchetta.com,domains
https://www.reliquia.net,domains
https://www.remotehub.com,domains
https://www.renderforest.com,domains
https://www.resgroup.in,domains
https://www.resumonk.com/xWB-a6uCHOiahXr7cmyruQ,domains
https://www.reyooz.com,domains
https://www.rhumbix.com,domains
https://www.robot-forum.com,domains
https://www.roomie-design.com,domains
https://www.rottentomatoes.com,domains
https://www.saasadviser.co,domains
https://www.safexbikes.com,domains
https://www.sahapath.com,domains
https://www.sambramabyswanlines.com,domains
https://www.sbookmarking.com,domains
https://www.scener.com/@essendonplumbing,domains
https://www.schakethailand.com,domains
https://www.schuttrange.lu,domains
https://www.schwester-schwester.de,domains
https://www.screenskills.com/community/cea33d6a-ae71-4d35-9bf8-ef458809e141,domains
https://www.searchenginesubmission.biz,domains
https://www.searchhomesindia.com/viewproperty/godrej-yeshwanthpur-bangalore,domains
https://www.searchmypro.com,domains
https://www.segarty.com,domains
https://www.sekarswiss.ch/blog/journal-blog,domains
https://www.semrush.com,domains
https://www.senscritique.com,domains
https://www.seodiscovery.com,domains
https://www.seogupshup.com,domains
https://www.seoinpractice.com/viewuser.html?userid=57808b59cea2f1f5351d90e3e3bf47ec,domains
https://www.seosubmitbookmark.com,domains
https://www.septwaant.com,domains
https://www.sideprojectors.com,domains
https://www.silkcitywear.com,domains
https://www.simplexthailand.com,domains
https://www.sitiosecuador.com,domains
https://www.sj480.me,domains
https://www.skepticforum.com,domains
https://www.skijanje.hr/hr/skijanje/klub.php?id=3&lgn=williamsroy,domains
https://www.slideshare.net,domains
https://www.smaranoclimbing.it,domains
https://www.smartlinkr.com,domains
https://www.smbcompass.com,domains
https://www.smugmug.com,domains
https://www.socbookmarking.com,domains
https://www.social-bookmarkingsites.com/story/android-app-development-company-appsquadz,domains
https://www.socialbookmarkingsites.seoworld.in,domains
https://www.socialbookmarkingwebsite.com,domains
https://www.socialbookmarkiseasy.info,domains
https://www.socialbookmarknow.info,domains
https://www.socialbookmarkzone.info,domains
https://www.socialmobie.com,domains
https://www.socialwebmarks.com,domains
https://www.sociomix.com,domains
https://www.songback.com,domains
https://www.sorayascharityadvicebureau.com,domains
https://www.sparklit.com,domains
https://www.spatial.io,domains
https://www.speakrights.com,domains
https://www.specialityvalve.com,domains
https://www.speedway-world.pl,domains
https://www.sportjim.com,domains
https://www.squarespace.com,domains
https://www.srmarticles.com,domains
https://www.stairwaytostem.org/author/arina330,domains
https://www.stampstampede.org/society-stampers/members/ROGE,domains
https://www.start.gg/user/ec71f74a,domains
https://www.startmotionmedia.com,domains
https://www.stickermule.com,domains
https://www.submitportal.com,domains
https://www.supanet.com,domains
https://www.supersadovnik.ru/user/profile/sara565smith,domains
https://www.swanlinesstudios.com,domains
https://www.swipeguide.com,domains
https://www.talknewyorkcity.com/directory/general/customer-service-reservations-and-tickets-at-vietnam-airlines-jakarta-city-office,domains
https://www.tarinconstruction.com,domains
https://www.tbusinessweek.com,domains
https://www.techiexpert.com,domains
https://www.techlandbd.com/pc-components/hard-disk-drive,domains
https://www.techstartupjobs.com,domains
https://www.teqtop.ca,domains
https://www.teqtop.co.uk,domains
https://www.teqtop.com,domains
https://www.teqtop.com.au,domains
https://www.teqtop.com/portfolio,domains
https://www.thaileoplastic.com,domains
https://www.theatrebayarea.org,domains
https://www.thecpapshop.com,domains
https://www.thefuturescentre.org,domains
https://www.theguardian.com/books/2025/aug/18/skibidi-delulu-and-tradwife-among-words-added-to-cambridge-dictionary,domains
https://www.theheritageschoolnyc.com/single-post/advisory-program-and-principal-sugrim-featured-in-chalkbeat?commentId=ac3691f8-91dd-4e16-9be8-e2e8bdb1cb99,domains
https://www.thehockeypaper.co.uk/forums/users/williamsroy,domains
https://www.thehuntinglife.com/forums/profile/120845-arina330/?tab=field_core_pfield_14,domains
https://www.theimarketingcafe.com,domains
https://www.theknightstemplar.org/author/davissofia,domains
https://www.theurbancrews.com,domains
https://www.theworknplay.com,domains
https://www.theyeshivaworld.com/coffeeroom/users/naayoon,domains
https://www.tide.co,domains
https://www.tijarco.com,domains
https://www.tipauto.co.th/profile/komalmanu8733397/profile,domains
https://www.tipntag.com/profile/index/id/rbtyres,domains
https://www.tizmos.com/davissofia408?folder=Home,domains
https://www.tkaraoke.com/forums/profile/benray3049gmail-com,domains
https://www.tourbr.com,domains
https://www.traders.bookmarking.site,domains
https://www.trainwick.com/institute/airlineofficeworld-4600,domains
https://www.trendingtattoo.com,domains
https://www.trepup.com,domains
https://www.tripit.com/account/create,domains
https://www.tripoto.com/profile/marykom,domains
https://www.trustindex.io/reviews/woodworkersarchive.com?_,domains
https://www.tucsonnewsplus.com,domains
https://www.tulu.io,domains
https://www.turnkeylinux.org,domains
https://www.twiceasnice.co.uk/author/Dcvrfixco,domains
https://www.tyda-bd.com,domains
https://www.typemock.com/answers/user/sofiadavis,domains
https://www.ujaen.es,domains
https://www.ukdecay.co.uk,domains
https://www.ukvaperwholesale.co.uk/collections,domains
https://www.unfinishedman.com,domains
https://www.unitymix.com/ismithony,domains
https://www.vedomosti.ru/importsubstitution/new_technologies/articles/2023/05/31/977936-iskusstvennii-intellekt-v-deistvii,domains
https://www.verdantix.com/insights/blogs/ptc's-acquisition-of-servicemax-reinforces-the-growing-demand-for-solutions-that-manage-assets-across-their-life-cycle,domains
https://www.vermano.de,domains
https://www.vespahub.com,domains
https://www.vetsacts.com,domains
https://www.videocrypt.com,domains
https://www.viewtool.com,domains
https://www.virtuousreviews.com,domains
https://www.vivisanlorenzo.it,domains
https://www.vocedelletna.com,domains
https://www.votetags.com,domains
https://www.votetags.info,domains
https://www.vtforeignpolicy.com,domains
https://www.wa.com.hk,domains
https://www.warriorforum.com,domains
https://www.washingtonbrewersguild.org/author/dcvrfixco,domains
https://www.washingtonnewsalert.com,domains
https://www.waytopost.com,domains
https://www.web-hitters.com,domains
https://www.webdirectorylink.com/listing-detail/private-tours-of-japan,domains
https://www.webhopers.com,domains
https://www.webhopers.in,domains
https://www.webinpocket.com,domains
https://www.webwiki.com,domains
https://www.weiweimru.com/blog/journal-blog,domains
https://www.welcome2solutions.com,domains
https://www.wetpaint.com,domains
https://www.wework.com,domains
https://www.whodwho.com,domains
https://www.wichitanewspaper.com,domains
https://www.wikipostings.com,domains
https://www.wildnettechnologies.com/white-label-ecommerce-seo-reseller,domains
https://www.willshall.com,domains
https://www.windowgenie.com,domains
https://www.wonderzine.com,domains
https://www.wordsdomatter.com/board/board_topic/5204323/6481563.htm,domains
https://www.worldinforms.com,domains
https://www.worldurldirectory.com,domains
https://www.writershelf.com,domains
https://www.wsumed.com,domains
https://www.wutsi.com,domains
https://www.xpressarticles.com,domains
https://www.yahoo.com,domains
https://www.yourpetsdaily.co.uk,domains
https://www.youthkiawaaz.com,domains
https://www.zerohedge.com/user/abrqw5w0CSelCozZUQlSrBhyq1g2,domains
https://www.ziparticle.com,domains
https://www.zumperrentals.com/manage/resources/property-management-software,domains
https://www.zybuluo.com/robert6786/note/2571801,domains
https://wykop.pl/ludzie/luisa-bell,domains
https://xlhub.com,domains
https://xtenav.com,domains
https://yellowpages.in,domains
https://yelloyello.com,domains
https://yesassistant.com,domains
https://yesbro.in,domains
https://yicca.org,domains
https://yourmindcanvas.com,domains
https://youspice.com,domains
https://zeitbotschaft.de,domains
https://zenyzenam.cz/konci,domains
https://zeugaz.getxo.eus/profiles/anne/activity,domains
https://ziedonis.lv,domains
https://ziuma.com,domains
https://znews360.com/author/airofficecounter,domains
https://znsuae.com,domains
https://zsy6688.com,domains
https://ztec100.co.uk/flydubai-airlines-baggage-allowance-rules-and-policy,domains
https://zynrewards.org,domains
